text,x0,x1,top,doctop,bottom,upright,height,width,direction,fontname,size
２,42.54,57.66,36.67650000000003,36242.6765,51.79650000000004,True,15.120000000000005,15.119999999999997,ltr,PHGLHC+HGMaruGothicMPRO,15.120000000000005
令和５年産米の産地別契約・販売状況,72.71952,329.75952000000007,36.67650000000003,36242.6765,51.79650000000004,True,15.120000000000005,257.0400000000001,ltr,PHGLHC+HGMaruGothicMPRO,15.120000000000005
（累計、うるち米、令,258.36,386.89300000000003,54.1341000000001,36260.1341,67.09410000000003,True,12.959999999999923,128.53300000000002,ltr,PHGLHC+HGMaruGothicMPRO,12.959999999999923
契約,277.98,301.74,826.0029,37032.0029,837.8829,True,11.879999999999995,23.75999999999999,ltr,PHGIHM+MS-PGothic,11.88
‐,301.74,305.37528000000003,827.3097,37033.3097,839.1897,True,11.879999999999995,3.635280000000023,ltr,PHGJBP+Calibri,11.88
3,305.400228,311.42338800000005,827.3097,37033.3097,839.1897,True,11.879999999999995,6.0231600000000185,ltr,PHGJCA+Calibri,11.88
集荷・契約・販売数量（北海道から静岡まで）,96.54,253.7382506900001,79.27772599999992,36285.277726,87.69862599999999,True,8.420900000000074,157.19825069000007,ltr,PHGIHM+MS-PGothic,8.420900000000074
①,189.06,195.9584,125.78622399999995,36331.786224,132.522824,True,6.736600000000067,6.898400000000009,ltr,PHGIHM+MS-PGothic,6.736600000000067
②,232.19983424,239.09823424,125.78622399999995,36331.786224,132.522824,True,6.736600000000067,6.898400000000009,ltr,PHGIHM+MS-PGothic,6.736600000000067
②/①,270.11964919999997,287.36840856,125.78622399999995,36331.786224,132.522824,True,6.736600000000067,17.248759360000008,ltr,PHGIHM+MS-PGothic,6.736600000000067
③,318.38982352,325.28822352,125.78622399999995,36331.786224,132.522824,True,6.736600000000067,6.898399999999981,ltr,PHGIHM+MS-PGothic,6.736600000000067
③/①,356.36965455999996,373.61841391999997,125.78622399999995,36331.786224,132.522824,True,6.736600000000067,17.248759360000008,ltr,PHGIHM+MS-PGothic,6.736600000000067
北海道,96.54,117.81349578,136.52342,36342.52342,143.82142,True,7.298000000000002,21.27349577999999,ltr,PHGIHM+MS-PGothic,7.298000000000002
104,153.42,167.25946126,135.37500799999998,36341.375008,144.357208,True,8.982200000000034,13.839461260000007,ltr,PHGIHM+MS-PGothic,8.982200000000034
282.2,189.66051399999998,209.79883414,135.37500799999998,36341.375008,144.357208,True,8.982200000000034,20.13832014000002,ltr,PHGIHM+MS-PGothic,8.982200000000034
281.7,232.799603,252.87813549,135.37500799999998,36341.375008,144.357208,True,8.982200000000034,20.078532490000015,ltr,PHGIHM+MS-PGothic,8.982200000000034
100%,280.49910997999996,298.8989892199999,135.37500799999998,36341.375008,144.357208,True,8.982200000000034,18.39987923999996,ltr,PHGIHM+MS-PGothic,8.982200000000034
250.4,319.01983297,339.09836546,135.37500799999998,36341.375008,144.357208,True,8.982200000000034,20.078532490000043,ltr,PHGIHM+MS-PGothic,8.982200000000034
89%,371.33954558000005,385.1192191900001,135.37500799999998,36341.375008,144.357208,True,8.982200000000034,13.779673610000032,ltr,PHGIHM+MS-PGothic,8.982200000000034
134.0,189.66051399999998,209.79883414,146.59467401999996,36352.59467402,155.57687402,True,8.982200000000034,20.13832014000002,ltr,PHGIHM+MS-PGothic,8.982200000000034
133.8,232.799603,252.87813549,146.59467401999996,36352.59467402,155.57687402,True,8.982200000000034,20.078532490000015,ltr,PHGIHM+MS-PGothic,8.982200000000034
100%,280.49910997999996,298.8989892199999,146.59467401999996,36352.59467402,155.57687402,True,8.982200000000034,18.39987923999996,ltr,PHGIHM+MS-PGothic,8.982200000000034
120.9,319.01983297,339.0983654599999,146.59467401999996,36352.59467402,155.57687402,True,8.982200000000034,20.07853248999993,ltr,PHGIHM+MS-PGothic,8.982200000000034
90%,371.33954557999994,385.11921919,146.59467401999996,36352.59467402,155.57687402,True,8.982200000000034,13.779673610000089,ltr,PHGIHM+MS-PGothic,8.982200000000034
79.5,194.28071962999996,209.79883413999997,158.414351,36364.414351,167.39655100000004,True,8.982200000000034,15.518114510000004,ltr,PHGIHM+MS-PGothic,8.982200000000034
79.5,237.36002097999997,252.87813548999998,158.414351,36364.414351,167.39655100000004,True,8.982200000000034,15.518114510000004,ltr,PHGIHM+MS-PGothic,8.982200000000034
100%,280.49910997999996,298.8989892199999,158.414351,36364.414351,167.39655100000004,True,8.982200000000034,18.39987923999996,ltr,PHGIHM+MS-PGothic,8.982200000000034
70.4,323.58025094999994,339.0983654599999,158.414351,36364.414351,167.39655100000004,True,8.982200000000034,15.518114509999975,ltr,PHGIHM+MS-PGothic,8.982200000000034
89%,371.33954558,385.11921919,158.414351,36364.414351,167.39655100000004,True,8.982200000000034,13.779673610000032,ltr,PHGIHM+MS-PGothic,8.982200000000034
18.7,194.28071962999996,209.79883413999997,169.63401702,36375.63401702,178.61621702000002,True,8.982200000000034,15.518114510000004,ltr,PHGIHM+MS-PGothic,8.982200000000034
18.6,237.36002097999997,252.87813548999998,169.63401702,36375.63401702,178.61621702000002,True,8.982200000000034,15.518114510000004,ltr,PHGIHM+MS-PGothic,8.982200000000034
99%,285.05952795999997,298.8989892199999,169.63401702,36375.63401702,178.61621702000002,True,8.982200000000034,13.83946125999995,ltr,PHGIHM+MS-PGothic,8.982200000000034
13.7,323.58025094999994,339.0983654599999,169.63401702,36375.63401702,178.61621702000002,True,8.982200000000034,15.518114509999975,ltr,PHGIHM+MS-PGothic,8.982200000000034
73%,371.33954558,385.11921919,169.63401702,36375.63401702,178.61621702000002,True,8.982200000000034,13.779673610000032,ltr,PHGIHM+MS-PGothic,8.982200000000034
青,96.54,104.0133,182.00342,36388.00342,189.30142,True,7.298000000000002,7.473299999999995,ltr,PHGIHM+MS-PGothic,7.298000000000002
森,108.59966421,116.07296421,182.00342,36388.00342,189.30142,True,7.298000000000002,7.473299999999995,ltr,PHGIHM+MS-PGothic,7.298000000000002
102,153.42,167.25946126,180.855008,36386.855008,189.83720800000003,True,8.982200000000034,13.839461260000007,ltr,PHGIHM+MS-PGothic,8.982200000000034
112.4,189.66051399999998,209.79883414,180.855008,36386.855008,189.83720800000003,True,8.982200000000034,20.13832014000002,ltr,PHGIHM+MS-PGothic,8.982200000000034
111.8,232.799603,252.87813549,180.855008,36386.855008,189.83720800000003,True,8.982200000000034,20.078532490000015,ltr,PHGIHM+MS-PGothic,8.982200000000034
100%,280.49910997999996,298.8989892199999,180.855008,36386.855008,189.83720800000003,True,8.982200000000034,18.39987923999996,ltr,PHGIHM+MS-PGothic,8.982200000000034
97.3,323.58025095,339.09836546,180.855008,36386.855008,189.83720800000003,True,8.982200000000034,15.518114510000032,ltr,PHGIHM+MS-PGothic,8.982200000000034
87%,371.33954558000005,385.1192191900001,180.855008,36386.855008,189.83720800000003,True,8.982200000000034,13.779673610000032,ltr,PHGIHM+MS-PGothic,8.982200000000034
83.5,194.27979982,209.79791433,192.07467401999997,36398.07467402,201.05687402,True,8.982200000000034,15.518114510000004,ltr,PHGIHM+MS-PGothic,8.982200000000034
83.2,237.35910117,252.87721568,192.07467401999997,36398.07467402,201.05687402,True,8.982200000000034,15.518114510000004,ltr,PHGIHM+MS-PGothic,8.982200000000034
100%,280.49819017,298.89806940999995,192.07467401999997,36398.07467402,201.05687402,True,8.982200000000034,18.39987923999996,ltr,PHGIHM+MS-PGothic,8.982200000000034
69.5,323.57933114,339.09744565,192.07467401999997,36398.07467402,201.05687402,True,8.982200000000034,15.518114509999975,ltr,PHGIHM+MS-PGothic,8.982200000000034
83%,371.33862577,385.11829938,192.07467401999997,36398.07467402,201.05687402,True,8.982200000000034,13.779673609999975,ltr,PHGIHM+MS-PGothic,8.982200000000034
8.3,198.8402178,209.79791433,203.29434003999995,36409.294340039996,212.27654004,True,8.982200000000034,10.957696529999993,ltr,PHGIHM+MS-PGothic,8.982200000000034
8.3,241.97930680000002,252.87721568,203.29434003999995,36409.294340039996,212.27654004,True,8.982200000000034,10.897908879999989,ltr,PHGIHM+MS-PGothic,8.982200000000034
99%,285.05860815,298.89806941,203.29434003999995,36409.294340039996,212.27654004,True,8.982200000000034,13.839461260000007,ltr,PHGIHM+MS-PGothic,8.982200000000034
8.1,328.19953677,339.09744565,203.29434003999995,36409.294340039996,212.27654004,True,8.982200000000034,10.897908879999989,ltr,PHGIHM+MS-PGothic,8.982200000000034
97%,371.33862577,385.11829938000005,203.29434003999995,36409.294340039996,212.27654004,True,8.982200000000034,13.779673610000032,ltr,PHGIHM+MS-PGothic,8.982200000000034
岩,96.54,104.0133,215.66341999999997,36421.66342,222.96141999999998,True,7.298000000000002,7.473299999999995,ltr,PHGIHM+MS-PGothic,7.298000000000002
手,109.19902287000001,116.67232287,215.66341999999997,36421.66342,222.96141999999998,True,7.298000000000002,7.473299999999995,ltr,PHGIHM+MS-PGothic,7.298000000000002
104,153.42,167.25946126,214.57500800000003,36420.575008,223.55720800000006,True,8.982200000000034,13.839461260000007,ltr,PHGIHM+MS-PGothic,8.982200000000034
112.2,189.66051399999998,209.79883414,214.57500800000003,36420.575008,223.55720800000006,True,8.982200000000034,20.13832014000002,ltr,PHGIHM+MS-PGothic,8.982200000000034
110.7,232.799603,252.87813549,214.57500800000003,36420.575008,223.55720800000006,True,8.982200000000034,20.078532490000015,ltr,PHGIHM+MS-PGothic,8.982200000000034
99%,285.05952795999997,298.8989892199999,214.57500800000003,36420.575008,223.55720800000006,True,8.982200000000034,13.83946125999995,ltr,PHGIHM+MS-PGothic,8.982200000000034
92.8,323.58025095,339.09836546,214.57500800000003,36420.575008,223.55720800000006,True,8.982200000000034,15.518114510000032,ltr,PHGIHM+MS-PGothic,8.982200000000034
83%,371.33954558000005,385.1192191900001,214.57500800000003,36420.575008,223.55720800000006,True,8.982200000000034,13.779673610000032,ltr,PHGIHM+MS-PGothic,8.982200000000034
84.5,194.27979982,209.79791433,225.79467402,36431.79467402,234.77687402000004,True,8.982200000000034,15.518114510000004,ltr,PHGIHM+MS-PGothic,8.982200000000034
83.5,237.35910117,252.87721568,225.79467402,36431.79467402,234.77687402000004,True,8.982200000000034,15.518114510000004,ltr,PHGIHM+MS-PGothic,8.982200000000034
99%,285.05860815,298.89806941,225.79467402,36431.79467402,234.77687402000004,True,8.982200000000034,13.839461260000007,ltr,PHGIHM+MS-PGothic,8.982200000000034
68.1,323.57933114,339.09744565,225.79467402,36431.79467402,234.77687402000004,True,8.982200000000034,15.518114509999975,ltr,PHGIHM+MS-PGothic,8.982200000000034
81%,371.33862577,385.11829938,225.79467402,36431.79467402,234.77687402000004,True,8.982200000000034,13.779673609999975,ltr,PHGIHM+MS-PGothic,8.982200000000034
8.3,198.8402178,209.79791433,237.01434003999998,36443.01434004,245.99654004,True,8.982200000000034,10.957696529999993,ltr,PHGIHM+MS-PGothic,8.982200000000034
8.2,241.97930680000002,252.87721568,237.01434003999998,36443.01434004,245.99654004,True,8.982200000000034,10.897908879999989,ltr,PHGIHM+MS-PGothic,8.982200000000034
99%,285.05860815,298.89806941,237.01434003999998,36443.01434004,245.99654004,True,8.982200000000034,13.839461260000007,ltr,PHGIHM+MS-PGothic,8.982200000000034
7.4,328.19953677,339.09744565,237.01434003999998,36443.01434004,245.99654004,True,8.982200000000034,10.897908879999989,ltr,PHGIHM+MS-PGothic,8.982200000000034
90%,371.33862577,385.11829938000005,237.01434003999998,36443.01434004,245.99654004,True,8.982200000000034,13.779673610000032,ltr,PHGIHM+MS-PGothic,8.982200000000034
14.9,194.27979982,209.79791433,248.23400605999996,36454.234006059996,257.21620606,True,8.982200000000034,15.518114510000004,ltr,PHGIHM+MS-PGothic,8.982200000000034
14.4,237.35910117,252.87721568,248.23400605999996,36454.234006059996,257.21620606,True,8.982200000000034,15.518114510000004,ltr,PHGIHM+MS-PGothic,8.982200000000034
97%,285.05860815,298.89806941,248.23400605999996,36454.234006059996,257.21620606,True,8.982200000000034,13.839461260000007,ltr,PHGIHM+MS-PGothic,8.982200000000034
13.4,323.57933114,339.09744565,248.23400605999996,36454.234006059996,257.21620606,True,8.982200000000034,15.518114509999975,ltr,PHGIHM+MS-PGothic,8.982200000000034
90%,371.33862577,385.11829938,248.23400605999996,36454.234006059996,257.21620606,True,8.982200000000034,13.779673609999975,ltr,PHGIHM+MS-PGothic,8.982200000000034
宮,96.54,104.0133,260.60331999999994,36466.60332,267.90131999999994,True,7.298000000000002,7.473299999999995,ltr,PHGIHM+MS-PGothic,7.298000000000002
城,109.19902287000001,116.67232287,260.60331999999994,36466.60332,267.90131999999994,True,7.298000000000002,7.473299999999995,ltr,PHGIHM+MS-PGothic,7.298000000000002
105,153.42,167.25946126,259.455008,36465.455008,268.43720800000006,True,8.982200000000034,13.839461260000007,ltr,PHGIHM+MS-PGothic,8.982200000000034
157.8,189.66051399999998,209.79883414,259.455008,36465.455008,268.43720800000006,True,8.982200000000034,20.13832014000002,ltr,PHGIHM+MS-PGothic,8.982200000000034
155.5,232.799603,252.87813549,259.455008,36465.455008,268.43720800000006,True,8.982200000000034,20.078532490000015,ltr,PHGIHM+MS-PGothic,8.982200000000034
99%,285.05952795999997,298.8989892199999,259.455008,36465.455008,268.43720800000006,True,8.982200000000034,13.83946125999995,ltr,PHGIHM+MS-PGothic,8.982200000000034
130.5,319.01983297,339.09836546,259.455008,36465.455008,268.43720800000006,True,8.982200000000034,20.078532490000043,ltr,PHGIHM+MS-PGothic,8.982200000000034
83%,371.33954558000005,385.1192191900001,259.455008,36465.455008,268.43720800000006,True,8.982200000000034,13.779673610000032,ltr,PHGIHM+MS-PGothic,8.982200000000034
119.5,189.66051399999998,209.79883414,270.67467402,36476.67467402,279.65687402000003,True,8.982200000000034,20.13832014000002,ltr,PHGIHM+MS-PGothic,8.982200000000034
118.0,232.799603,252.87813549,270.67467402,36476.67467402,279.65687402000003,True,8.982200000000034,20.078532490000015,ltr,PHGIHM+MS-PGothic,8.982200000000034
99%,285.05952795999997,298.89898922,270.67467402,36476.67467402,279.65687402000003,True,8.982200000000034,13.839461260000007,ltr,PHGIHM+MS-PGothic,8.982200000000034
95.8,323.58025095,339.09836545999997,270.67467402,36476.67467402,279.65687402000003,True,8.982200000000034,15.518114509999975,ltr,PHGIHM+MS-PGothic,8.982200000000034
80%,371.33954558000005,385.11921919,270.67467402,36476.67467402,279.65687402000003,True,8.982200000000034,13.779673609999975,ltr,PHGIHM+MS-PGothic,8.982200000000034
14.9,194.28071962999996,209.79883413999997,281.89434004,36487.89434004,290.87654004,True,8.982200000000034,15.518114510000004,ltr,PHGIHM+MS-PGothic,8.982200000000034
14.7,237.36002097999997,252.87813548999998,281.89434004,36487.89434004,290.87654004,True,8.982200000000034,15.518114510000004,ltr,PHGIHM+MS-PGothic,8.982200000000034
99%,285.05952795999997,298.8989892199999,281.89434004,36487.89434004,290.87654004,True,8.982200000000034,13.83946125999995,ltr,PHGIHM+MS-PGothic,8.982200000000034
13.2,323.58025094999994,339.0983654599999,281.89434004,36487.89434004,290.87654004,True,8.982200000000034,15.518114509999975,ltr,PHGIHM+MS-PGothic,8.982200000000034
88%,371.33954558,385.11921919,281.89434004,36487.89434004,290.87654004,True,8.982200000000034,13.779673610000032,ltr,PHGIHM+MS-PGothic,8.982200000000034
9.3,198.84113760999998,209.79883413999997,293.11400605999995,36499.11400606,302.09620606,True,8.982200000000034,10.957696529999993,ltr,PHGIHM+MS-PGothic,8.982200000000034
9.2,241.98022661,252.87813548999998,293.11400605999995,36499.11400606,302.09620606,True,8.982200000000034,10.897908879999989,ltr,PHGIHM+MS-PGothic,8.982200000000034
99%,285.05952795999997,298.8989892199999,293.11400605999995,36499.11400606,302.09620606,True,8.982200000000034,13.83946125999995,ltr,PHGIHM+MS-PGothic,8.982200000000034
8.7,328.20045658,339.09836545999997,293.11400605999995,36499.11400606,302.09620606,True,8.982200000000034,10.897908879999989,ltr,PHGIHM+MS-PGothic,8.982200000000034
93%,371.33954558,385.11921919,293.11400605999995,36499.11400606,302.09620606,True,8.982200000000034,13.779673610000032,ltr,PHGIHM+MS-PGothic,8.982200000000034
秋,96.54,104.0133,305.48331999999994,36511.48332,312.78131999999994,True,7.298000000000002,7.473299999999995,ltr,PHGIHM+MS-PGothic,7.298000000000002
田,108.59966421,116.07296421,305.48331999999994,36511.48332,312.78131999999994,True,7.298000000000002,7.473299999999995,ltr,PHGIHM+MS-PGothic,7.298000000000002
97,155.76,164.91946798,304.39500799999996,36510.395008,313.377208,True,8.982200000000034,9.159467980000016,ltr,PHGIHM+MS-PGothic,8.982200000000034
222.1,189.66051736,209.7988375,304.39500799999996,36510.395008,313.377208,True,8.982200000000034,20.13832013999999,ltr,PHGIHM+MS-PGothic,8.982200000000034
221.6,232.79960635999998,252.87813885,304.39500799999996,36510.395008,313.377208,True,8.982200000000034,20.078532490000015,ltr,PHGIHM+MS-PGothic,8.982200000000034
100%,280.49911334,298.89899257999997,304.39500799999996,36510.395008,313.377208,True,8.982200000000034,18.39987923999996,ltr,PHGIHM+MS-PGothic,8.982200000000034
210.6,319.01983633,339.0983688200001,304.39500799999996,36510.395008,313.377208,True,8.982200000000034,20.0785324900001,ltr,PHGIHM+MS-PGothic,8.982200000000034
95%,371.3395489400001,385.1192225500001,304.39500799999996,36510.395008,313.377208,True,8.982200000000034,13.779673609999975,ltr,PHGIHM+MS-PGothic,8.982200000000034
183.1,189.66051736,209.79883750000002,315.61467401999994,36521.61467402,324.59687402,True,8.982200000000034,20.13832014000002,ltr,PHGIHM+MS-PGothic,8.982200000000034
182.7,232.79960636,252.87813885,315.61467401999994,36521.61467402,324.59687402,True,8.982200000000034,20.078532489999986,ltr,PHGIHM+MS-PGothic,8.982200000000034
100%,280.49911334,298.89899257999997,315.61467401999994,36521.61467402,324.59687402,True,8.982200000000034,18.39987923999996,ltr,PHGIHM+MS-PGothic,8.982200000000034
176.5,319.01983633,339.09836881999996,315.61467401999994,36521.61467402,324.59687402,True,8.982200000000034,20.078532489999986,ltr,PHGIHM+MS-PGothic,8.982200000000034
96%,371.33954894,385.11922255,315.61467401999994,36521.61467402,324.59687402,True,8.982200000000034,13.779673610000032,ltr,PHGIHM+MS-PGothic,8.982200000000034
17.1,194.28072299,209.7988375,326.8343400399999,36532.83434004,335.8165400399999,True,8.982199999999978,15.518114510000004,ltr,PHGIHM+MS-PGothic,8.982199999999978
16.9,237.36002434,252.87813885,326.8343400399999,36532.83434004,335.8165400399999,True,8.982199999999978,15.518114510000004,ltr,PHGIHM+MS-PGothic,8.982199999999978
99%,285.05953132,298.89899257999997,326.8343400399999,36532.83434004,335.8165400399999,True,8.982199999999978,13.83946125999995,ltr,PHGIHM+MS-PGothic,8.982199999999978
14.6,323.58025431,339.09836881999996,326.8343400399999,36532.83434004,335.8165400399999,True,8.982199999999978,15.518114509999975,ltr,PHGIHM+MS-PGothic,8.982199999999978
86%,371.33954894,385.11922255,326.8343400399999,36532.83434004,335.8165400399999,True,8.982199999999978,13.779673610000032,ltr,PHGIHM+MS-PGothic,8.982199999999978
6.6,198.84114097,209.7988375,338.0540060599999,36544.05400606,347.03620605999987,True,8.982199999999978,10.957696529999993,ltr,PHGIHM+MS-PGothic,8.982199999999978
6.6,241.98022996999998,252.87813885,338.0540060599999,36544.05400606,347.03620605999987,True,8.982199999999978,10.897908880000017,ltr,PHGIHM+MS-PGothic,8.982199999999978
100%,280.49911334,298.89899257999997,338.0540060599999,36544.05400606,347.03620605999987,True,8.982199999999978,18.39987923999996,ltr,PHGIHM+MS-PGothic,8.982199999999978
6.3,328.20045994,339.09836881999996,338.0540060599999,36544.05400606,347.03620605999987,True,8.982199999999978,10.897908879999989,ltr,PHGIHM+MS-PGothic,8.982199999999978
95%,371.33954894,385.11922255,338.0540060599999,36544.05400606,347.03620605999987,True,8.982199999999978,13.779673610000032,ltr,PHGIHM+MS-PGothic,8.982199999999978
山,96.54,104.0133,350.42342,36556.42342,357.72142,True,7.298000000000002,7.473299999999995,ltr,PHGIHM+MS-PGothic,7.298000000000002
形,109.19902287000001,116.67232287,350.42342,36556.42342,357.72142,True,7.298000000000002,7.473299999999995,ltr,PHGIHM+MS-PGothic,7.298000000000002
100,153.42,167.25946126,349.275008,36555.275008,358.257208,True,8.982199999999978,13.839461260000007,ltr,PHGIHM+MS-PGothic,8.982199999999978
181.3,189.66051399999998,209.79883414,349.275008,36555.275008,358.257208,True,8.982199999999978,20.13832014000002,ltr,PHGIHM+MS-PGothic,8.982199999999978
177.1,232.799603,252.87813549,349.275008,36555.275008,358.257208,True,8.982199999999978,20.078532490000015,ltr,PHGIHM+MS-PGothic,8.982199999999978
98%,285.05952795999997,298.8989892199999,349.275008,36555.275008,358.257208,True,8.982199999999978,13.83946125999995,ltr,PHGIHM+MS-PGothic,8.982199999999978
156.1,319.01983297,339.09836546,349.275008,36555.275008,358.257208,True,8.982199999999978,20.078532490000043,ltr,PHGIHM+MS-PGothic,8.982199999999978
86%,371.33954558000005,385.1192191900001,349.275008,36555.275008,358.257208,True,8.982199999999978,13.779673610000032,ltr,PHGIHM+MS-PGothic,8.982199999999978
95.3,194.27979982,209.79791433,360.49467402,36566.49467402,369.47687401999997,True,8.982199999999978,15.518114510000004,ltr,PHGIHM+MS-PGothic,8.982199999999978
94.2,237.35910117,252.87721568,360.49467402,36566.49467402,369.47687401999997,True,8.982199999999978,15.518114510000004,ltr,PHGIHM+MS-PGothic,8.982199999999978
99%,285.05860815,298.89806941,360.49467402,36566.49467402,369.47687401999997,True,8.982199999999978,13.839461260000007,ltr,PHGIHM+MS-PGothic,8.982199999999978
79.2,323.57933114,339.09744565,360.49467402,36566.49467402,369.47687401999997,True,8.982199999999978,15.518114509999975,ltr,PHGIHM+MS-PGothic,8.982199999999978
83%,371.33862577,385.11829938,360.49467402,36566.49467402,369.47687401999997,True,8.982199999999978,13.779673609999975,ltr,PHGIHM+MS-PGothic,8.982199999999978
42.5,194.27979982,209.79791433,371.71434003999997,36577.71434004,380.69654003999995,True,8.982199999999978,15.518114510000004,ltr,PHGIHM+MS-PGothic,8.982199999999978
42.0,237.35910117,252.87721568,371.71434003999997,36577.71434004,380.69654003999995,True,8.982199999999978,15.518114510000004,ltr,PHGIHM+MS-PGothic,8.982199999999978
99%,285.05860815,298.89806941,371.71434003999997,36577.71434004,380.69654003999995,True,8.982199999999978,13.839461260000007,ltr,PHGIHM+MS-PGothic,8.982199999999978
40.3,323.57933114,339.09744565,371.71434003999997,36577.71434004,380.69654003999995,True,8.982199999999978,15.518114509999975,ltr,PHGIHM+MS-PGothic,8.982199999999978
95%,371.33862577,385.11829938,371.71434003999997,36577.71434004,380.69654003999995,True,8.982199999999978,13.779673609999975,ltr,PHGIHM+MS-PGothic,8.982199999999978
22.1,194.27979982,209.79791433,382.99418679999997,36588.9941868,391.97638679999994,True,8.982199999999978,15.518114510000004,ltr,PHGIHM+MS-PGothic,8.982199999999978
19.9,237.35910117,252.87721568,382.99418679999997,36588.9941868,391.97638679999994,True,8.982199999999978,15.518114510000004,ltr,PHGIHM+MS-PGothic,8.982199999999978
90%,285.05860815,298.89806941,382.99418679999997,36588.9941868,391.97638679999994,True,8.982199999999978,13.839461260000007,ltr,PHGIHM+MS-PGothic,8.982199999999978
17.2,323.57933114,339.09744565,382.99418679999997,36588.9941868,391.97638679999994,True,8.982199999999978,15.518114509999975,ltr,PHGIHM+MS-PGothic,8.982199999999978
78%,371.33862577,385.11829938,382.99418679999997,36588.9941868,391.97638679999994,True,8.982199999999978,13.779673609999975,ltr,PHGIHM+MS-PGothic,8.982199999999978
福,96.54,104.0133,395.30342,36601.30342,402.60142,True,7.298000000000002,7.473299999999995,ltr,PHGIHM+MS-PGothic,7.298000000000002
島,108.59966421,116.07296421,395.30342,36601.30342,402.60142,True,7.298000000000002,7.473299999999995,ltr,PHGIHM+MS-PGothic,7.298000000000002
102,153.42,167.25946126,394.215008,36600.215008,403.197208,True,8.982199999999978,13.839461260000007,ltr,PHGIHM+MS-PGothic,8.982199999999978
125.0,189.66051399999998,209.79883414,394.215008,36600.215008,403.197208,True,8.982199999999978,20.13832014000002,ltr,PHGIHM+MS-PGothic,8.982199999999978
131.7,232.799603,252.87813549,394.215008,36600.215008,403.197208,True,8.982199999999978,20.078532490000015,ltr,PHGIHM+MS-PGothic,8.982199999999978
105%,280.49910997999996,298.8989892199999,394.215008,36600.215008,403.197208,True,8.982199999999978,18.39987923999996,ltr,PHGIHM+MS-PGothic,8.982199999999978
100.9,319.01983297,339.09836546,394.215008,36600.215008,403.197208,True,8.982199999999978,20.078532490000043,ltr,PHGIHM+MS-PGothic,8.982199999999978
81%,371.33954558000005,385.1192191900001,394.215008,36600.215008,403.197208,True,8.982199999999978,13.779673610000032,ltr,PHGIHM+MS-PGothic,8.982199999999978
39.3,194.27979982,209.79791433,405.43467402,36611.43467402,414.41687401999997,True,8.982199999999978,15.518114510000004,ltr,PHGIHM+MS-PGothic,8.982199999999978
40.4,237.35910117,252.87721568,405.43467402,36611.43467402,414.41687401999997,True,8.982199999999978,15.518114510000004,ltr,PHGIHM+MS-PGothic,8.982199999999978
103%,280.49819017,298.89806940999995,405.43467402,36611.43467402,414.41687401999997,True,8.982199999999978,18.39987923999996,ltr,PHGIHM+MS-PGothic,8.982199999999978
32.2,323.57933114,339.09744565,405.43467402,36611.43467402,414.41687401999997,True,8.982199999999978,15.518114509999975,ltr,PHGIHM+MS-PGothic,8.982199999999978
82%,371.33862577,385.11829938,405.43467402,36611.43467402,414.41687401999997,True,8.982199999999978,13.779673609999975,ltr,PHGIHM+MS-PGothic,8.982199999999978
29.3,194.27979982,209.79791433,416.65434003999997,36622.65434004,425.63654003999994,True,8.982199999999978,15.518114510000004,ltr,PHGIHM+MS-PGothic,8.982199999999978
31.3,237.35910117,252.87721568,416.65434003999997,36622.65434004,425.63654003999994,True,8.982199999999978,15.518114510000004,ltr,PHGIHM+MS-PGothic,8.982199999999978
107%,280.49819017,298.89806940999995,416.65434003999997,36622.65434004,425.63654003999994,True,8.982199999999978,18.39987923999996,ltr,PHGIHM+MS-PGothic,8.982199999999978
20.6,323.57933114,339.09744565,416.65434003999997,36622.65434004,425.63654003999994,True,8.982199999999978,15.518114509999975,ltr,PHGIHM+MS-PGothic,8.982199999999978
70%,371.33862577,385.11829938,416.65434003999997,36622.65434004,425.63654003999994,True,8.982199999999978,13.779673609999975,ltr,PHGIHM+MS-PGothic,8.982199999999978
5.2,198.8402178,209.79791433,427.87400605999994,36633.87400606,436.8562060599999,True,8.982199999999978,10.957696529999993,ltr,PHGIHM+MS-PGothic,8.982199999999978
5.7,241.97930680000002,252.87721568,427.87400605999994,36633.87400606,436.8562060599999,True,8.982199999999978,10.897908879999989,ltr,PHGIHM+MS-PGothic,8.982199999999978
111%,280.49819017,298.89806940999995,427.87400605999994,36633.87400606,436.8562060599999,True,8.982199999999978,18.39987923999996,ltr,PHGIHM+MS-PGothic,8.982199999999978
4.4,328.19953677,339.09744565,427.87400605999994,36633.87400606,436.8562060599999,True,8.982199999999978,10.897908879999989,ltr,PHGIHM+MS-PGothic,8.982199999999978
84%,371.33862577,385.11829938,427.87400605999994,36633.87400606,436.8562060599999,True,8.982199999999978,13.779673609999975,ltr,PHGIHM+MS-PGothic,8.982199999999978
22.5,194.27979982,209.79791433,439.0936720799999,36645.09367208,448.0758720799999,True,8.982199999999978,15.518114510000004,ltr,PHGIHM+MS-PGothic,8.982199999999978
24.3,237.35910117,252.87721568,439.0936720799999,36645.09367208,448.0758720799999,True,8.982199999999978,15.518114510000004,ltr,PHGIHM+MS-PGothic,8.982199999999978
108%,280.49819017,298.89806940999995,439.0936720799999,36645.09367208,448.0758720799999,True,8.982199999999978,18.39987923999996,ltr,PHGIHM+MS-PGothic,8.982199999999978
18.2,323.57933114,339.09744565,439.0936720799999,36645.09367208,448.0758720799999,True,8.982199999999978,15.518114509999975,ltr,PHGIHM+MS-PGothic,8.982199999999978
81%,371.33862577,385.11829938,439.0936720799999,36645.09367208,448.0758720799999,True,8.982199999999978,13.779673609999975,ltr,PHGIHM+MS-PGothic,8.982199999999978
17.6,194.27979982,209.79791433,450.3133380999999,36656.3133381,459.2955380999999,True,8.982199999999978,15.518114510000004,ltr,PHGIHM+MS-PGothic,8.982199999999978
18.3,237.35910117,252.87721568,450.3133380999999,36656.3133381,459.2955380999999,True,8.982199999999978,15.518114510000004,ltr,PHGIHM+MS-PGothic,8.982199999999978
104%,280.49819017,298.89806940999995,450.3133380999999,36656.3133381,459.2955380999999,True,8.982199999999978,18.39987923999996,ltr,PHGIHM+MS-PGothic,8.982199999999978
15.8,323.57933114,339.09744565,450.3133380999999,36656.3133381,459.2955380999999,True,8.982199999999978,15.518114509999975,ltr,PHGIHM+MS-PGothic,8.982199999999978
89%,371.33862577,385.11829938,450.3133380999999,36656.3133381,459.2955380999999,True,8.982199999999978,13.779673609999975,ltr,PHGIHM+MS-PGothic,8.982199999999978
茨,96.54,104.0133,462.68342,36668.68342,469.98142,True,7.298000000000002,7.473299999999995,ltr,PHGIHM+MS-PGothic,7.298000000000002
城,108.59966421,116.07296421,462.68342,36668.68342,469.98142,True,7.298000000000002,7.473299999999995,ltr,PHGIHM+MS-PGothic,7.298000000000002
101,153.42,167.25946126,461.535008,36667.535008,470.517208,True,8.982199999999978,13.839461260000007,ltr,PHGIHM+MS-PGothic,8.982199999999978
64.5,194.28071963,209.79883414,461.535008,36667.535008,470.517208,True,8.982199999999978,15.518114510000004,ltr,PHGIHM+MS-PGothic,8.982199999999978
64.5,237.36002098,252.87813549,461.535008,36667.535008,470.517208,True,8.982199999999978,15.518114510000004,ltr,PHGIHM+MS-PGothic,8.982199999999978
100%,280.49910997999996,298.8989892199999,461.535008,36667.535008,470.517208,True,8.982199999999978,18.39987923999996,ltr,PHGIHM+MS-PGothic,8.982199999999978
62.1,323.58025095,339.09836546,461.535008,36667.535008,470.517208,True,8.982199999999978,15.518114510000032,ltr,PHGIHM+MS-PGothic,8.982199999999978
96%,371.33954558000005,385.1192191900001,461.535008,36667.535008,470.517208,True,8.982199999999978,13.779673610000032,ltr,PHGIHM+MS-PGothic,8.982199999999978
44.7,194.27979982,209.79791433,472.81485476,36678.81485476,481.79705476,True,8.982199999999978,15.518114510000004,ltr,PHGIHM+MS-PGothic,8.982199999999978
44.8,237.35910117,252.87721568,472.81485476,36678.81485476,481.79705476,True,8.982199999999978,15.518114510000004,ltr,PHGIHM+MS-PGothic,8.982199999999978
100%,280.49819017,298.89806940999995,472.81485476,36678.81485476,481.79705476,True,8.982199999999978,18.39987923999996,ltr,PHGIHM+MS-PGothic,8.982199999999978
42.9,323.57933114,339.09744565,472.81485476,36678.81485476,481.79705476,True,8.982199999999978,15.518114509999975,ltr,PHGIHM+MS-PGothic,8.982199999999978
96%,371.33862577,385.11829938,472.81485476,36678.81485476,481.79705476,True,8.982199999999978,13.779673609999975,ltr,PHGIHM+MS-PGothic,8.982199999999978
7.3,198.8402178,209.79791433,484.03452078,36690.03452078,493.01672077999996,True,8.982199999999978,10.957696529999993,ltr,PHGIHM+MS-PGothic,8.982199999999978
7.3,241.97930680000002,252.87721568,484.03452078,36690.03452078,493.01672077999996,True,8.982199999999978,10.897908879999989,ltr,PHGIHM+MS-PGothic,8.982199999999978
100%,280.49819017,298.89806940999995,484.03452078,36690.03452078,493.01672077999996,True,8.982199999999978,18.39987923999996,ltr,PHGIHM+MS-PGothic,8.982199999999978
7.2,328.19953677,339.09744565,484.03452078,36690.03452078,493.01672077999996,True,8.982199999999978,10.897908879999989,ltr,PHGIHM+MS-PGothic,8.982199999999978
99%,371.33862577,385.11829938,484.03452078,36690.03452078,493.01672077999996,True,8.982199999999978,13.779673609999975,ltr,PHGIHM+MS-PGothic,8.982199999999978
2.9,198.8402178,209.79791433,495.25418679999996,36701.2541868,504.23638679999993,True,8.982199999999978,10.957696529999993,ltr,PHGIHM+MS-PGothic,8.982199999999978
2.9,241.97930680000002,252.87721568,495.25418679999996,36701.2541868,504.23638679999993,True,8.982199999999978,10.897908879999989,ltr,PHGIHM+MS-PGothic,8.982199999999978
100%,280.49819017,298.89806940999995,495.25418679999996,36701.2541868,504.23638679999993,True,8.982199999999978,18.39987923999996,ltr,PHGIHM+MS-PGothic,8.982199999999978
2.9,328.19953677,339.09744565,495.25418679999996,36701.2541868,504.23638679999993,True,8.982199999999978,10.897908879999989,ltr,PHGIHM+MS-PGothic,8.982199999999978
98%,371.33862577,385.11829938,495.25418679999996,36701.2541868,504.23638679999993,True,8.982199999999978,13.779673609999975,ltr,PHGIHM+MS-PGothic,8.982199999999978
栃,96.54,104.0133,507.62342,36713.62342,514.92142,True,7.298000000000002,7.473299999999995,ltr,PHGIHM+MS-PGothic,7.298000000000002
木,109.19902287000001,116.67232287,507.62342,36713.62342,514.92142,True,7.298000000000002,7.473299999999995,ltr,PHGIHM+MS-PGothic,7.298000000000002
104,153.42,167.25946126,506.47490799999997,36712.474908,515.457108,True,8.982199999999978,13.839461260000007,ltr,PHGIHM+MS-PGothic,8.982199999999978
106.7,189.66051399999998,209.79883414,506.47490799999997,36712.474908,515.457108,True,8.982199999999978,20.13832014000002,ltr,PHGIHM+MS-PGothic,8.982199999999978
102.8,232.799603,252.87813549,506.47490799999997,36712.474908,515.457108,True,8.982199999999978,20.078532490000015,ltr,PHGIHM+MS-PGothic,8.982199999999978
96%,285.05952795999997,298.8989892199999,506.47490799999997,36712.474908,515.457108,True,8.982199999999978,13.83946125999995,ltr,PHGIHM+MS-PGothic,8.982199999999978
80.1,323.58025095,339.09836546,506.47490799999997,36712.474908,515.457108,True,8.982199999999978,15.518114510000032,ltr,PHGIHM+MS-PGothic,8.982199999999978
75%,371.33954558000005,385.1192191900001,506.47490799999997,36712.474908,515.457108,True,8.982199999999978,13.779673610000032,ltr,PHGIHM+MS-PGothic,8.982199999999978
85.1,194.27979982,209.79791433,517.6945740199999,36723.69457402,526.6767740199999,True,8.982200000000034,15.518114510000004,ltr,PHGIHM+MS-PGothic,8.982199999999978
82.6,237.35910117,252.87721568,517.6945740199999,36723.69457402,526.6767740199999,True,8.982200000000034,15.518114510000004,ltr,PHGIHM+MS-PGothic,8.982199999999978
97%,285.05860815,298.89806941,517.6945740199999,36723.69457402,526.6767740199999,True,8.982200000000034,13.839461260000007,ltr,PHGIHM+MS-PGothic,8.982199999999978
64.5,323.57933114,339.09744565,517.6945740199999,36723.69457402,526.6767740199999,True,8.982200000000034,15.518114509999975,ltr,PHGIHM+MS-PGothic,8.982199999999978
76%,371.33862577,385.11829938,517.6945740199999,36723.69457402,526.6767740199999,True,8.982200000000034,13.779673609999975,ltr,PHGIHM+MS-PGothic,8.982199999999978
12.4,194.27979982,209.79791433,528.9142400399999,36734.91424004,537.8964400399999,True,8.982200000000034,15.518114510000004,ltr,PHGIHM+MS-PGothic,8.982199999999978
11.7,237.35910117,252.87721568,528.9142400399999,36734.91424004,537.8964400399999,True,8.982200000000034,15.518114510000004,ltr,PHGIHM+MS-PGothic,8.982199999999978
94%,285.05860815,298.89806941,528.9142400399999,36734.91424004,537.8964400399999,True,8.982200000000034,13.839461260000007,ltr,PHGIHM+MS-PGothic,8.982199999999978
8.1,328.19953677,339.09744565,528.9142400399999,36734.91424004,537.8964400399999,True,8.982200000000034,10.897908879999989,ltr,PHGIHM+MS-PGothic,8.982199999999978
65%,371.33862577,385.11829938,528.9142400399999,36734.91424004,537.8964400399999,True,8.982200000000034,13.779673609999975,ltr,PHGIHM+MS-PGothic,8.982199999999978
3.5,198.8402178,209.79791433,540.1339060599998,36746.13390606,549.1161060599999,True,8.982200000000034,10.957696529999993,ltr,PHGIHM+MS-PGothic,8.982199999999978
3.2,241.97930680000002,252.87721568,540.1339060599998,36746.13390606,549.1161060599999,True,8.982200000000034,10.897908879999989,ltr,PHGIHM+MS-PGothic,8.982199999999978
90%,285.05860815,298.89806941,540.1339060599998,36746.13390606,549.1161060599999,True,8.982200000000034,13.839461260000007,ltr,PHGIHM+MS-PGothic,8.982199999999978
2.4,328.19953677,339.09744565,540.1339060599998,36746.13390606,549.1161060599999,True,8.982200000000034,10.897908879999989,ltr,PHGIHM+MS-PGothic,8.982199999999978
69%,371.33862577,385.11829938000005,540.1339060599998,36746.13390606,549.1161060599999,True,8.982200000000034,13.779673610000032,ltr,PHGIHM+MS-PGothic,8.982199999999978
群,96.54,104.0133,552.50342,36758.50342,559.80142,True,7.298000000000002,7.473299999999995,ltr,PHGIHM+MS-PGothic,7.298000000000002
馬,108.59966421,116.07296421,552.50342,36758.50342,559.80142,True,7.298000000000002,7.473299999999995,ltr,PHGIHM+MS-PGothic,7.298000000000002
102,153.42,167.25946126,551.414908,36757.414908,560.3971079999999,True,8.98219999999992,13.839461260000007,ltr,PHGIHM+MS-PGothic,8.982199999999978
17.3,194.28071963,209.79883414,551.414908,36757.414908,560.3971079999999,True,8.98219999999992,15.518114510000004,ltr,PHGIHM+MS-PGothic,8.982199999999978
16.1,237.36002098,252.87813549,551.414908,36757.414908,560.3971079999999,True,8.98219999999992,15.518114510000004,ltr,PHGIHM+MS-PGothic,8.982199999999978
93%,285.05952795999997,298.8989892199999,551.414908,36757.414908,560.3971079999999,True,8.98219999999992,13.83946125999995,ltr,PHGIHM+MS-PGothic,8.982199999999978
14.1,323.58025095,339.09836546,551.414908,36757.414908,560.3971079999999,True,8.98219999999992,15.518114510000032,ltr,PHGIHM+MS-PGothic,8.982199999999978
81%,371.33954558000005,385.1192191900001,551.414908,36757.414908,560.3971079999999,True,8.98219999999992,13.779673610000032,ltr,PHGIHM+MS-PGothic,8.982199999999978
11.7,194.27979982,209.79791433,562.63457402,36768.63457402,571.6167740199999,True,8.98219999999992,15.518114510000004,ltr,PHGIHM+MS-PGothic,8.982199999999978
10.9,237.35910117,252.87721568,562.63457402,36768.63457402,571.6167740199999,True,8.98219999999992,15.518114510000004,ltr,PHGIHM+MS-PGothic,8.982199999999978
94%,285.05860815,298.89806941,562.63457402,36768.63457402,571.6167740199999,True,8.98219999999992,13.839461260000007,ltr,PHGIHM+MS-PGothic,8.982199999999978
9.5,328.19953677,339.09744565,562.63457402,36768.63457402,571.6167740199999,True,8.98219999999992,10.897908879999989,ltr,PHGIHM+MS-PGothic,8.982199999999978
82%,371.33862577,385.11829938,562.63457402,36768.63457402,571.6167740199999,True,8.98219999999992,13.779673609999975,ltr,PHGIHM+MS-PGothic,8.982199999999978
1.5,198.8402178,209.79791433,573.8542400399999,36779.85424004,582.8364400399998,True,8.98219999999992,10.957696529999993,ltr,PHGIHM+MS-PGothic,8.982199999999978
1.3,241.97930680000002,252.87721568,573.8542400399999,36779.85424004,582.8364400399998,True,8.98219999999992,10.897908879999989,ltr,PHGIHM+MS-PGothic,8.982199999999978
87%,285.05860815,298.89806941,573.8542400399999,36779.85424004,582.8364400399998,True,8.98219999999992,13.839461260000007,ltr,PHGIHM+MS-PGothic,8.982199999999978
1.0,328.19953677,339.09744565,573.8542400399999,36779.85424004,582.8364400399998,True,8.98219999999992,10.897908879999989,ltr,PHGIHM+MS-PGothic,8.982199999999978
66%,371.33862577,385.11829938000005,573.8542400399999,36779.85424004,582.8364400399998,True,8.98219999999992,13.779673610000032,ltr,PHGIHM+MS-PGothic,8.982199999999978
埼,96.54,104.0133,586.2233200000001,36792.22332,593.52132,True,7.297999999999888,7.473299999999995,ltr,PHGIHM+MS-PGothic,7.297999999999973
玉,108.59966421,116.07296421,586.2233200000001,36792.22332,593.52132,True,7.297999999999888,7.473299999999995,ltr,PHGIHM+MS-PGothic,7.297999999999973
99,155.76,164.91946798,585.075008,36791.075008,594.057208,True,8.98219999999992,9.159467980000016,ltr,PHGIHM+MS-PGothic,8.982199999999978
16.2,194.28072299000002,209.79883750000002,585.075008,36791.075008,594.057208,True,8.98219999999992,15.518114510000004,ltr,PHGIHM+MS-PGothic,8.982199999999978
15.8,237.36002434,252.87813885,585.075008,36791.075008,594.057208,True,8.98219999999992,15.518114510000004,ltr,PHGIHM+MS-PGothic,8.982199999999978
97%,285.05953132,298.89899257999997,585.075008,36791.075008,594.057208,True,8.98219999999992,13.83946125999995,ltr,PHGIHM+MS-PGothic,8.982199999999978
14.5,323.58025431,339.09836882,585.075008,36791.075008,594.057208,True,8.98219999999992,15.518114510000032,ltr,PHGIHM+MS-PGothic,8.982199999999978
89%,371.3395489400001,385.1192225500001,585.075008,36791.075008,594.057208,True,8.98219999999992,13.779673609999975,ltr,PHGIHM+MS-PGothic,8.982199999999978
4.5,198.84022116,209.79791769,596.29467402,36802.29467402,605.27687402,True,8.982200000000034,10.957696529999993,ltr,PHGIHM+MS-PGothic,8.982200000000006
4.5,241.97931016,252.87721904,596.29467402,36802.29467402,605.27687402,True,8.982200000000034,10.897908879999989,ltr,PHGIHM+MS-PGothic,8.982200000000006
100%,280.49819353,298.89807276999994,596.29467402,36802.29467402,605.27687402,True,8.982200000000034,18.39987923999996,ltr,PHGIHM+MS-PGothic,8.982200000000006
4.1,328.19954013,339.09744900999993,596.29467402,36802.29467402,605.27687402,True,8.982200000000034,10.897908879999932,ltr,PHGIHM+MS-PGothic,8.982200000000006
90%,371.33862912999996,385.11830274000005,596.29467402,36802.29467402,605.27687402,True,8.982200000000034,13.779673610000089,ltr,PHGIHM+MS-PGothic,8.982200000000006
6.2,198.84022116,209.79791769,607.51434004,36813.51434004,616.49654004,True,8.982200000000034,10.957696529999993,ltr,PHGIHM+MS-PGothic,8.982200000000006
5.8,241.97931016,252.87721904,607.51434004,36813.51434004,616.49654004,True,8.982200000000034,10.897908879999989,ltr,PHGIHM+MS-PGothic,8.982200000000006
94%,285.05861151,298.89807276999994,607.51434004,36813.51434004,616.49654004,True,8.982200000000034,13.83946125999995,ltr,PHGIHM+MS-PGothic,8.982200000000006
5.3,328.19954013,339.09744901,607.51434004,36813.51434004,616.49654004,True,8.982200000000034,10.897908879999989,ltr,PHGIHM+MS-PGothic,8.982200000000006
85%,371.33862913,385.11830274000005,607.51434004,36813.51434004,616.49654004,True,8.982200000000034,13.779673610000032,ltr,PHGIHM+MS-PGothic,8.982200000000006
3.2,198.84022116,209.79791769,618.73400606,36824.734006059996,627.71620606,True,8.982200000000034,10.957696529999993,ltr,PHGIHM+MS-PGothic,8.982200000000006
3.1,241.97931016,252.87721904,618.73400606,36824.734006059996,627.71620606,True,8.982200000000034,10.897908879999989,ltr,PHGIHM+MS-PGothic,8.982200000000006
99%,285.05861151,298.89807276999994,618.73400606,36824.734006059996,627.71620606,True,8.982200000000034,13.83946125999995,ltr,PHGIHM+MS-PGothic,8.982200000000006
2.9,328.19954013,339.09744901,618.73400606,36824.734006059996,627.71620606,True,8.982200000000034,10.897908879999989,ltr,PHGIHM+MS-PGothic,8.982200000000006
92%,371.33862913,385.11830274000005,618.73400606,36824.734006059996,627.71620606,True,8.982200000000034,13.779673610000032,ltr,PHGIHM+MS-PGothic,8.982200000000006
千,96.54,104.0133,631.10342,36837.10342,638.40142,True,7.298000000000002,7.473299999999995,ltr,PHGIHM+MS-PGothic,7.297999999999973
葉,108.59966421,116.07296421,631.10342,36837.10342,638.40142,True,7.298000000000002,7.473299999999995,ltr,PHGIHM+MS-PGothic,7.297999999999973
103,153.42,167.25946126,629.955008,36835.955008,638.937208,True,8.982200000000034,13.839461260000007,ltr,PHGIHM+MS-PGothic,8.982200000000006
59.6,194.28071963,209.79883414,629.955008,36835.955008,638.937208,True,8.982200000000034,15.518114510000004,ltr,PHGIHM+MS-PGothic,8.982200000000006
59.5,237.36002098,252.87813549,629.955008,36835.955008,638.937208,True,8.982200000000034,15.518114510000004,ltr,PHGIHM+MS-PGothic,8.982200000000006
100%,280.49910997999996,298.8989892199999,629.955008,36835.955008,638.937208,True,8.982200000000034,18.39987923999996,ltr,PHGIHM+MS-PGothic,8.982200000000006
59.3,323.58025095,339.09836546,629.955008,36835.955008,638.937208,True,8.982200000000034,15.518114510000032,ltr,PHGIHM+MS-PGothic,8.982200000000006
100%,366.71933995000006,385.1192191900001,629.955008,36835.955008,638.937208,True,8.982200000000034,18.39987924000002,ltr,PHGIHM+MS-PGothic,8.982200000000006
30.9,194.27979982,209.79791433,641.23485476,36847.23485476,650.21705476,True,8.982200000000034,15.518114510000004,ltr,PHGIHM+MS-PGothic,8.982200000000006
30.9,237.35910117,252.87721568,641.23485476,36847.23485476,650.21705476,True,8.982200000000034,15.518114510000004,ltr,PHGIHM+MS-PGothic,8.982200000000006
100%,280.49819017,298.89806940999995,641.23485476,36847.23485476,650.21705476,True,8.982200000000034,18.39987923999996,ltr,PHGIHM+MS-PGothic,8.982200000000006
30.9,323.57933114,339.09744565,641.23485476,36847.23485476,650.21705476,True,8.982200000000034,15.518114509999975,ltr,PHGIHM+MS-PGothic,8.982200000000006
100%,366.71842014,385.11829938,641.23485476,36847.23485476,650.21705476,True,8.982200000000034,18.39987924000002,ltr,PHGIHM+MS-PGothic,8.982200000000006
11.3,194.27979982,209.79791433,652.4545207799999,36858.45452078,661.43672078,True,8.982200000000034,15.518114510000004,ltr,PHGIHM+MS-PGothic,8.982200000000006
11.3,237.35910117,252.87721568,652.4545207799999,36858.45452078,661.43672078,True,8.982200000000034,15.518114510000004,ltr,PHGIHM+MS-PGothic,8.982200000000006
100%,280.49819017,298.89806940999995,652.4545207799999,36858.45452078,661.43672078,True,8.982200000000034,18.39987923999996,ltr,PHGIHM+MS-PGothic,8.982200000000006
11.0,323.57933114,339.09744565,652.4545207799999,36858.45452078,661.43672078,True,8.982200000000034,15.518114509999975,ltr,PHGIHM+MS-PGothic,8.982200000000006
98%,371.33862577,385.11829938,652.4545207799999,36858.45452078,661.43672078,True,8.982200000000034,13.779673609999975,ltr,PHGIHM+MS-PGothic,8.982200000000006
10.4,194.27979982,209.79791433,663.6741868,36869.6741868,672.6563868000001,True,8.982200000000034,15.518114510000004,ltr,PHGIHM+MS-PGothic,8.982200000000006
10.4,237.35910117,252.87721568,663.6741868,36869.6741868,672.6563868000001,True,8.982200000000034,15.518114510000004,ltr,PHGIHM+MS-PGothic,8.982200000000006
100%,280.49819017,298.89806940999995,663.6741868,36869.6741868,672.6563868000001,True,8.982200000000034,18.39987923999996,ltr,PHGIHM+MS-PGothic,8.982200000000006
10.4,323.57933114,339.09744565,663.6741868,36869.6741868,672.6563868000001,True,8.982200000000034,15.518114509999975,ltr,PHGIHM+MS-PGothic,8.982200000000006
100%,366.71842014,385.11829938,663.6741868,36869.6741868,672.6563868000001,True,8.982200000000034,18.39987924000002,ltr,PHGIHM+MS-PGothic,8.982200000000006
東,96.54,104.0133,676.04342,36882.04342,683.34142,True,7.298000000000002,7.473299999999995,ltr,PHGIHM+MS-PGothic,7.297999999999973
京,109.19902287000001,116.67232287,676.04342,36882.04342,683.34142,True,7.298000000000002,7.473299999999995,ltr,PHGIHM+MS-PGothic,7.297999999999973
102,153.42,167.25946126,674.895008,36880.895008,683.877208,True,8.982200000000034,13.839461260000007,ltr,PHGIHM+MS-PGothic,8.982200000000006
-,208.08062905999998,212.67967905999998,674.895008,36880.895008,683.877208,True,8.982200000000034,4.599050000000005,ltr,PHGIHM+MS-PGothic,8.982200000000006
-,251.16085022,255.75990022,674.895008,36880.895008,683.877208,True,8.982200000000034,4.599050000000005,ltr,PHGIHM+MS-PGothic,8.982200000000006
-,294.30085902999997,298.89990902999995,674.895008,36880.895008,683.877208,True,8.982200000000034,4.599049999999977,ltr,PHGIHM+MS-PGothic,8.982200000000006
-,337.38108019000003,341.98013019,674.895008,36880.895008,683.877208,True,8.982200000000034,4.599049999999977,ltr,PHGIHM+MS-PGothic,8.982200000000006
-,380.5210890000001,385.12013900000005,674.895008,36880.895008,683.877208,True,8.982200000000034,4.599049999999977,ltr,PHGIHM+MS-PGothic,8.982200000000006
神奈川,96.54,118.35306804,687.26342,36893.26342,694.56142,True,7.298000000000002,21.81306803999999,ltr,PHGIHM+MS-PGothic,7.298000000000002
102,153.42,167.25946126,686.115008,36892.115008,695.097208,True,8.982200000000034,13.839461260000007,ltr,PHGIHM+MS-PGothic,8.982200000000006
3.4,198.84021779999998,209.79791433,686.115008,36892.115008,695.097208,True,8.982200000000034,10.957696530000021,ltr,PHGIHM+MS-PGothic,8.982200000000006
3.1,241.9793068,252.87721567999998,686.115008,36892.115008,695.097208,True,8.982200000000034,10.897908879999989,ltr,PHGIHM+MS-PGothic,8.982200000000006
91%,285.05860814999994,298.89806940999995,686.115008,36892.115008,695.097208,True,8.982200000000034,13.839461260000007,ltr,PHGIHM+MS-PGothic,8.982200000000006
3.1,328.19953677,339.09744565,686.115008,36892.115008,695.097208,True,8.982200000000034,10.897908879999989,ltr,PHGIHM+MS-PGothic,8.982200000000006
91%,371.33862577,385.11829938000005,686.115008,36892.115008,695.097208,True,8.982200000000034,13.779673610000032,ltr,PHGIHM+MS-PGothic,8.982200000000006
山,96.54,104.0133,698.48342,36904.48342,705.78142,True,7.298000000000002,7.473299999999995,ltr,PHGIHM+MS-PGothic,7.297999999999973
梨,109.19902287000001,116.67232287,698.48342,36904.48342,705.78142,True,7.298000000000002,7.473299999999995,ltr,PHGIHM+MS-PGothic,7.297999999999973
100,153.42,167.25946126,697.335008,36903.335008,706.3172079999999,True,8.98219999999992,13.839461260000007,ltr,PHGIHM+MS-PGothic,8.982200000000006
5.5,198.84021779999998,209.79791433,697.335008,36903.335008,706.3172079999999,True,8.98219999999992,10.957696530000021,ltr,PHGIHM+MS-PGothic,8.982200000000006
4.3,241.9793068,252.87721567999998,697.335008,36903.335008,706.3172079999999,True,8.98219999999992,10.897908879999989,ltr,PHGIHM+MS-PGothic,8.982200000000006
78%,285.05860814999994,298.89806940999995,697.335008,36903.335008,706.3172079999999,True,8.98219999999992,13.839461260000007,ltr,PHGIHM+MS-PGothic,8.982200000000006
4.3,328.19953677,339.09744565,697.335008,36903.335008,706.3172079999999,True,8.98219999999992,10.897908879999989,ltr,PHGIHM+MS-PGothic,8.982200000000006
78%,371.33862577,385.11829938000005,697.335008,36903.335008,706.3172079999999,True,8.98219999999992,13.779673610000032,ltr,PHGIHM+MS-PGothic,8.982200000000006
4.8,198.84021779999998,209.79791432999997,708.55467402,36914.55467402,717.53687402,True,8.982200000000034,10.957696529999993,ltr,PHGIHM+MS-PGothic,8.982200000000006
3.6,241.97930679999996,252.87721567999998,708.55467402,36914.55467402,717.53687402,True,8.982200000000034,10.897908880000017,ltr,PHGIHM+MS-PGothic,8.982200000000006
75%,285.05860815,298.89806940999995,708.55467402,36914.55467402,717.53687402,True,8.982200000000034,13.83946125999995,ltr,PHGIHM+MS-PGothic,8.982200000000006
3.6,328.19953677,339.09744565,708.55467402,36914.55467402,717.53687402,True,8.982200000000034,10.897908879999989,ltr,PHGIHM+MS-PGothic,8.982200000000006
75%,371.33862577,385.11829938,708.55467402,36914.55467402,717.53687402,True,8.982200000000034,13.779673609999975,ltr,PHGIHM+MS-PGothic,8.982200000000006
長,96.54,104.0133,720.92332,36926.92332,728.22132,True,7.298000000000002,7.473299999999995,ltr,PHGIHM+MS-PGothic,7.298000000000002
野,108.59966421,116.07296421,720.92332,36926.92332,728.22132,True,7.298000000000002,7.473299999999995,ltr,PHGIHM+MS-PGothic,7.298000000000002
100,153.42,167.25946126,719.835008,36925.835008,728.817208,True,8.982200000000034,13.839461260000007,ltr,PHGIHM+MS-PGothic,8.982200000000006
63.4,194.28071963,209.79883414,719.835008,36925.835008,728.817208,True,8.982200000000034,15.518114510000004,ltr,PHGIHM+MS-PGothic,8.982200000000006
63.4,237.36002098,252.87813549,719.835008,36925.835008,728.817208,True,8.982200000000034,15.518114510000004,ltr,PHGIHM+MS-PGothic,8.982200000000006
100%,280.49910997999996,298.8989892199999,719.835008,36925.835008,728.817208,True,8.982200000000034,18.39987923999996,ltr,PHGIHM+MS-PGothic,8.982200000000006
48.3,323.58025095,339.09836546,719.835008,36925.835008,728.817208,True,8.982200000000034,15.518114510000032,ltr,PHGIHM+MS-PGothic,8.982200000000006
76%,371.33954558000005,385.1192191900001,719.835008,36925.835008,728.817208,True,8.982200000000034,13.779673610000032,ltr,PHGIHM+MS-PGothic,8.982200000000006
50.9,194.27979982,209.79791433,731.05467402,36937.05467402,740.03687402,True,8.982200000000034,15.518114510000004,ltr,PHGIHM+MS-PGothic,8.982200000000006
50.9,237.35910117,252.87721568,731.05467402,36937.05467402,740.03687402,True,8.982200000000034,15.518114510000004,ltr,PHGIHM+MS-PGothic,8.982200000000006
100%,280.49819017,298.89806940999995,731.05467402,36937.05467402,740.03687402,True,8.982200000000034,18.39987923999996,ltr,PHGIHM+MS-PGothic,8.982200000000006
37.3,323.57933114,339.09744565,731.05467402,36937.05467402,740.03687402,True,8.982200000000034,15.518114509999975,ltr,PHGIHM+MS-PGothic,8.982200000000006
73%,371.33862577,385.11829938,731.05467402,36937.05467402,740.03687402,True,8.982200000000034,13.779673609999975,ltr,PHGIHM+MS-PGothic,8.982200000000006
6.1,198.8402178,209.79791433,742.27434004,36948.27434004,751.25654004,True,8.982200000000034,10.957696529999993,ltr,PHGIHM+MS-PGothic,8.982200000000006
6.1,241.97930680000002,252.87721568,742.27434004,36948.27434004,751.25654004,True,8.982200000000034,10.897908879999989,ltr,PHGIHM+MS-PGothic,8.982200000000006
100%,280.49819017,298.89806940999995,742.27434004,36948.27434004,751.25654004,True,8.982200000000034,18.39987923999996,ltr,PHGIHM+MS-PGothic,8.982200000000006
5.3,328.19953677,339.09744565,742.27434004,36948.27434004,751.25654004,True,8.982200000000034,10.897908879999989,ltr,PHGIHM+MS-PGothic,8.982200000000006
86%,371.33862577,385.11829938,742.27434004,36948.27434004,751.25654004,True,8.982200000000034,13.779673609999975,ltr,PHGIHM+MS-PGothic,8.982200000000006
静,96.54,104.0133,754.64332,36960.64332,761.94132,True,7.298000000000002,7.473299999999995,ltr,PHGIHM+MS-PGothic,7.298000000000002
岡,108.59966421,116.07296421,754.64332,36960.64332,761.94132,True,7.298000000000002,7.473299999999995,ltr,PHGIHM+MS-PGothic,7.298000000000002
100,153.42,167.25946126,753.495008,36959.495008,762.477208,True,8.982200000000034,13.839461260000007,ltr,PHGIHM+MS-PGothic,8.982200000000006
7.7,198.84021779999998,209.79791433,753.495008,36959.495008,762.477208,True,8.982200000000034,10.957696530000021,ltr,PHGIHM+MS-PGothic,8.982200000000006
7.7,241.9793068,252.87721567999998,753.495008,36959.495008,762.477208,True,8.982200000000034,10.897908879999989,ltr,PHGIHM+MS-PGothic,8.982200000000006
100%,280.49819017,298.89806940999995,753.495008,36959.495008,762.477208,True,8.982200000000034,18.39987923999996,ltr,PHGIHM+MS-PGothic,8.982200000000006
7.7,328.19953677,339.09744565,753.495008,36959.495008,762.477208,True,8.982200000000034,10.897908879999989,ltr,PHGIHM+MS-PGothic,8.982200000000006
100%,366.71842014000003,385.11829938000005,753.495008,36959.495008,762.477208,True,8.982200000000034,18.39987924000002,ltr,PHGIHM+MS-PGothic,8.982200000000006
4.6,198.84021779999998,209.79791432999997,764.71467402,36970.71467402,773.69687402,True,8.982200000000034,10.957696529999993,ltr,PHGIHM+MS-PGothic,8.982200000000006
4.6,241.97930679999996,252.87721567999998,764.71467402,36970.71467402,773.69687402,True,8.982200000000034,10.897908880000017,ltr,PHGIHM+MS-PGothic,8.982200000000006
100%,280.49819017,298.89806940999995,764.71467402,36970.71467402,773.69687402,True,8.982200000000034,18.39987923999996,ltr,PHGIHM+MS-PGothic,8.982200000000006
4.6,328.19953677,339.09744564999994,764.71467402,36970.71467402,773.69687402,True,8.982200000000034,10.897908879999932,ltr,PHGIHM+MS-PGothic,8.982200000000006
100%,366.71842014,385.11829938,764.71467402,36970.71467402,773.69687402,True,8.982200000000034,18.39987924000002,ltr,PHGIHM+MS-PGothic,8.982200000000006
1.4,198.84021779999998,209.79791432999997,775.93434004,36981.93434004,784.91654004,True,8.98219999999992,10.957696529999993,ltr,PHGIHM+MS-PGothic,8.982200000000006
1.4,241.97930679999996,252.87721567999998,775.93434004,36981.93434004,784.91654004,True,8.98219999999992,10.897908880000017,ltr,PHGIHM+MS-PGothic,8.982200000000006
100%,280.49819017,298.89806940999995,775.93434004,36981.93434004,784.91654004,True,8.98219999999992,18.39987923999996,ltr,PHGIHM+MS-PGothic,8.982200000000006
1.4,328.19953677,339.09744564999994,775.93434004,36981.93434004,784.91654004,True,8.98219999999992,10.897908879999932,ltr,PHGIHM+MS-PGothic,8.982200000000006
100%,366.71842014,385.11829938,775.93434004,36981.93434004,784.91654004,True,8.98219999999992,18.39987924000002,ltr,PHGIHM+MS-PGothic,8.982200000000006
0.4,198.84021779999998,209.79791432999997,787.15400606,36993.15400606,796.1362060600001,True,8.982200000000034,10.957696529999993,ltr,PHGIHM+MS-PGothic,8.982199999999999
0.4,241.97930679999996,252.87721567999998,787.15400606,36993.15400606,796.1362060600001,True,8.982200000000034,10.897908880000017,ltr,PHGIHM+MS-PGothic,8.982199999999999
100%,280.49819017,298.89806940999995,787.15400606,36993.15400606,796.1362060600001,True,8.982200000000034,18.39987923999996,ltr,PHGIHM+MS-PGothic,8.982199999999999
0.4,328.19953677,339.09744564999994,787.15400606,36993.15400606,796.1362060600001,True,8.982200000000034,10.897908879999932,ltr,PHGIHM+MS-PGothic,8.982199999999999
100%,366.71842014,385.11829938,787.15400606,36993.15400606,796.1362060600001,True,8.982200000000034,18.39987924000002,ltr,PHGIHM+MS-PGothic,8.982199999999999
あきたこまち,108.00030555000001,147.27399171000002,742.8230685999999,36948.8230686,750.1210686,True,7.298000000000002,39.27368616000001,ltr,PHGIHM+MS-PGothic,7.298000000000002
コシヒカリ,108.00030555000001,137.75450217,765.262959,36971.262959,772.560959,True,7.298000000000002,29.754196619999988,ltr,PHGIHM+MS-PGothic,7.298000000000002
にこまる,108.00030555000001,134.0111262,787.7634228,36993.7634228,795.0614228,True,7.298000000000002,26.01082065,ltr,PHGIHM+MS-PGothic,7.298000000000002
注：本表の注意点は次々頁の脚注を参照,96.54,225.86919315,799.52342,37005.52342,806.82142,True,7.298000000000002,129.32919314999998,ltr,PHGIHM+MS-PGothic,7.298000000000002
きぬむすめ,108.00030555000001,142.92303645,776.5427478,36982.5427478,783.8407478,True,7.298000000000002,34.922730900000005,ltr,PHGIHM+MS-PGothic,7.298000000000009
コシヒカリ,108.00030555000001,137.75450217,709.1625032,36915.1625032,716.4605032000001,True,7.2980000000001155,29.754196619999988,ltr,PHGIHM+MS-PGothic,7.298000000000016
ふさおとめ,108.00030555000001,141.24826992,664.222149,36870.222149,671.520149,True,7.298000000000002,33.247964370000005,ltr,PHGIHM+MS-PGothic,7.298000000000002
コシヒカリ,108.00030555000001,137.75450217,731.6023936,36937.6023936,738.9003936,True,7.298000000000002,29.754196619999988,ltr,PHGIHM+MS-PGothic,7.298000000000002
コシヒカリ,108.00030555000001,137.75450217,619.3423682,36825.3423682,626.6403682,True,7.298000000000002,29.754196619999988,ltr,PHGIHM+MS-PGothic,7.297999999999973
コシヒカリ,108.00030555000001,137.75450217,641.7822586,36847.7822586,649.0802586,True,7.298000000000002,29.754196619999988,ltr,PHGIHM+MS-PGothic,7.298000000000002
彩のかがやき,108.00030555000001,151.14815043000002,596.8419044,36802.8419044,604.1399044,True,7.298000000000002,43.14784488000001,ltr,PHGIHM+MS-PGothic,7.297999999999973
彩のきずな,108.00030555000001,142.34011905,608.1216932,36814.1216932,615.4196932,True,7.298000000000002,34.33981349999999,ltr,PHGIHM+MS-PGothic,7.297999999999973
ふさこがね,108.00030555000001,141.93805551,653.0022038,36859.0022038,660.3002038,True,7.298000000000002,33.93774995999999,ltr,PHGIHM+MS-PGothic,7.297999999999973
あきたこまち,108.00030555000001,147.27399171000002,316.158635,36522.158635,323.456635,True,7.298000000000002,39.27368616000001,ltr,PHGIHM+MS-PGothic,7.298000000000002
はえぬき,108.00030555000001,136.14475335,361.0989892000001,36567.0989892,368.3969892000001,True,7.298000000000002,28.144447799999995,ltr,PHGIHM+MS-PGothic,7.298000000000002
つや姫,108.00030555000001,129.87315999,372.3189344000001,36578.3189344,379.6169344000001,True,7.298000000000002,21.872854439999998,ltr,PHGIHM+MS-PGothic,7.298000000000002
雪若丸,108.00030555000001,129.27380133,383.5396094000001,36589.5396094,390.8376094000001,True,7.298000000000002,21.27349577999999,ltr,PHGIHM+MS-PGothic,7.298000000000002
コシヒカリ（中通り）,108.00030555000001,165.19496511000003,405.9794998000001,36611.9794998,413.2774998000001,True,7.298000000000002,57.19465956000002,ltr,PHGIHM+MS-PGothic,7.298000000000002
コシヒカリ（会津）,108.00030555000001,160.03539879000002,417.20017480000007,36623.2001748,424.4981748000001,True,7.298000000000002,52.03509324000001,ltr,PHGIHM+MS-PGothic,7.298000000000002
コシヒカリ（浜通り）,108.00030555000001,165.79432377,428.42012000000005,36634.42012,435.71812000000006,True,7.298000000000002,57.79401822,ltr,PHGIHM+MS-PGothic,7.298000000000002
ひとめぼれ,108.00030555000001,142.53293019,439.69990880000006,36645.6999088,446.99790880000006,True,7.298000000000002,34.532624639999995,ltr,PHGIHM+MS-PGothic,7.298000000000002
天のつぶ,108.00030555000001,136.77325788000002,450.92058380000003,36656.9205838,458.21858380000003,True,7.298000000000002,28.77295233000001,ltr,PHGIHM+MS-PGothic,7.298000000000002
コシヒカリ,108.00030555000001,137.75450217,473.36047420000006,36679.3604742,480.65847420000006,True,7.298000000000002,29.754196619999988,ltr,PHGIHM+MS-PGothic,7.298000000000002
あきたこまち,108.00030555000001,147.27399171000002,484.58041940000004,36690.5804194,491.87841940000004,True,7.298000000000002,39.27368616000001,ltr,PHGIHM+MS-PGothic,7.298000000000002
ふくまる,108.00030555000001,133.47454326000002,495.8003646,36701.8003646,503.0983646,True,7.298000000000002,25.47423771000001,ltr,PHGIHM+MS-PGothic,7.298000000000002
コシヒカリ,108.00030555000001,137.75450217,518.2409848,36724.2409848,525.5389848,True,7.298000000000002,29.754196619999988,ltr,PHGIHM+MS-PGothic,7.298000000000002
とちぎの星,108.00030555000001,141.93058221,529.5207736,36735.5207736,536.8187736,True,7.298000000000002,33.930276660000004,ltr,PHGIHM+MS-PGothic,7.298000000000002
あさひの夢,108.00030555000001,142.53367752,540.7407188,36746.7407188,548.0387188,True,7.298000000000002,34.53337196999999,ltr,PHGIHM+MS-PGothic,7.298000000000002
あさひの夢,108.00030555000001,142.53367752,563.181339,36769.181339,570.479339,True,7.298000000000002,34.53337196999999,ltr,PHGIHM+MS-PGothic,7.298000000000002
ゆめまつり,108.00030555000001,141.1705476,574.4012842,36780.4012842,581.6992842,True,7.298000000000002,33.170242049999985,ltr,PHGIHM+MS-PGothic,7.298000000000002
ひとめぼれ,108.00030555000001,142.53293019,327.3785802,36533.3785802,334.67658020000005,True,7.298000000000059,34.532624639999995,ltr,PHGIHM+MS-PGothic,7.298000000000059
ななつぼし,108.00030555000001,141.91862493000002,147.19606879999992,36353.196068799996,154.49406879999992,True,7.298000000000002,33.918319380000014,ltr,PHGIHM+MS-PGothic,7.298000000000002
ゆめぴりか,108.00030555000001,141.92609823,158.95606599999996,36364.956066,166.25406599999997,True,7.298000000000002,33.92579268,ltr,PHGIHM+MS-PGothic,7.298000000000002
きらら３９７,108.00030555000001,141.32524491,170.17601119999995,36376.1760112,177.47401119999995,True,7.298000000000002,33.32493936,ltr,PHGIHM+MS-PGothic,7.298000000000002
まっしぐら,108.00030555000001,138.20140551000003,192.67647499999998,36398.676475,199.97447499999998,True,7.298000000000002,30.201099960000022,ltr,PHGIHM+MS-PGothic,7.298000000000002
つがるロマン,108.00030555000001,148.40171268,203.89642019999997,36409.8964202,211.19442019999997,True,7.298000000000002,40.401407129999996,ltr,PHGIHM+MS-PGothic,7.298000000000002
ひとめぼれ,108.00030555000001,142.53293019,226.33704039999998,36432.3370404,233.63504039999998,True,7.298000000000002,34.532624639999995,ltr,PHGIHM+MS-PGothic,7.298000000000002
あきたこまち,108.00030555000001,147.27399171000002,237.55698559999996,36443.5569856,244.85498559999996,True,7.298000000000002,39.27368616000001,ltr,PHGIHM+MS-PGothic,7.298000000000002
銀河のしずく,108.00030555000001,146.90854733999998,248.7776606,36454.7776606,256.0756606,True,7.298000000000002,38.90824178999998,ltr,PHGIHM+MS-PGothic,7.298000000000002
ひとめぼれ,108.00030555000001,142.53293019,271.2773946,36477.2773946,278.5753946,True,7.298000000000002,34.532624639999995,ltr,PHGIHM+MS-PGothic,7.298000000000002
つや姫,108.00030555000001,129.87315999,282.4980696,36488.4980696,289.7960696,True,7.298000000000002,21.872854439999998,ltr,PHGIHM+MS-PGothic,7.298000000000002
ササニシキ,108.00030555000001,143.37741309,293.7180148,36499.7180148,301.0160148,True,7.298000000000002,35.37710754,ltr,PHGIHM+MS-PGothic,7.298000000000002
めんこいな,108.00030555000001,141.19745148,338.5985254,36544.5985254,345.89652540000003,True,7.298000000000002,33.197145930000005,ltr,PHGIHM+MS-PGothic,7.298000000000002
契約,271.86,285.65817968,105.56622399999992,36311.566224,112.30282399999999,True,6.736600000000067,13.798179679999976,ltr,PHGIHM+MS-PGothic,6.736600000000067
販売,358.08034224,371.87852191999997,105.56622399999992,36311.566224,112.30282399999999,True,6.736600000000067,13.798179679999976,ltr,PHGIHM+MS-PGothic,6.736600000000067
比率,271.86,285.65817968,114.02604627999995,36320.02604628,120.76264628000001,True,6.736600000000067,13.798179679999976,ltr,PHGIHM+MS-PGothic,6.736600000000067
比率,358.08034224,371.87852191999997,114.02604627999995,36320.02604628,120.76264628000001,True,6.736600000000067,13.798179679999976,ltr,PHGIHM+MS-PGothic,6.736600000000067
集荷数量,178.74060731999998,206.91420098999998,99.44352559999993,36305.4435256,106.74152559999993,True,7.298000000000002,28.173593670000002,ltr,PHGIHM+MS-PGothic,7.298000000000002
契約数量,221.88097889999997,250.59414482999998,99.44352559999993,36305.4435256,106.74152559999993,True,7.298000000000002,28.713165930000002,ltr,PHGIHM+MS-PGothic,7.298000000000002
販売数量,308.10118833,336.27478199999996,99.44352559999993,36305.4435256,106.74152559999993,True,7.298000000000002,28.173593669999946,ltr,PHGIHM+MS-PGothic,7.298000000000002
作況,152.88,167.25339789,105.08341999999993,36311.08342,112.38141999999993,True,7.298000000000002,14.373397890000007,ltr,PHGIHM+MS-PGothic,7.298000000000002
指数,153.42031959,167.79371748,114.08331359999988,36320.0833136,121.38131359999988,True,7.298000000000002,14.373397890000007,ltr,PHGIHM+MS-PGothic,7.298000000000002
